thr,acc,prec,rec,f1,mae,mse,rmse,pcc,wape,order_pass,y_trueQ,y_predQ
0.1,1.0,1.0,1.0,1.0,1.4193548387096775,5.161290322580645,2.2718473369882592,0.3548387096774194,0.6470588235294118,0.3548387096774194,"[1, 1, 12, 1, 1, 1, 2, 3, 1, 1, 3, 1, 1, 4, 3, 2, 1, 2, 4, 1, 1, 4, 2, 2, 1, 1, 7, 1, 1, 1, 1]","[4, 1, 3, 2, 1, 3, 1, 3, 3, 3, 1, 4, 2, 3, 2, 1, 1, 2, 4, 4, 3, 3, 2, 2, 3, 1, 3, 1, 3, 1, 2]"
0.15000000000000002,1.0,1.0,1.0,1.0,1.4193548387096775,5.161290322580645,2.2718473369882592,0.3548387096774194,0.6470588235294118,0.3548387096774194,"[1, 1, 12, 1, 1, 1, 2, 3, 1, 1, 3, 1, 1, 4, 3, 2, 1, 2, 4, 1, 1, 4, 2, 2, 1, 1, 7, 1, 1, 1, 1]","[4, 1, 3, 2, 1, 3, 1, 3, 3, 3, 1, 4, 2, 3, 2, 1, 1, 2, 4, 4, 3, 3, 2, 2, 3, 1, 3, 1, 3, 1, 2]"
0.2,1.0,1.0,1.0,1.0,1.4193548387096775,5.161290322580645,2.2718473369882592,0.3548387096774194,0.6470588235294118,0.3548387096774194,"[1, 1, 12, 1, 1, 1, 2, 3, 1, 1, 3, 1, 1, 4, 3, 2, 1, 2, 4, 1, 1, 4, 2, 2, 1, 1, 7, 1, 1, 1, 1]","[4, 1, 3, 2, 1, 3, 1, 3, 3, 3, 1, 4, 2, 3, 2, 1, 1, 2, 4, 4, 3, 3, 2, 2, 3, 1, 3, 1, 3, 1, 2]"
0.25,1.0,1.0,1.0,1.0,1.4193548387096775,5.161290322580645,2.2718473369882592,0.3548387096774194,0.6470588235294118,0.3548387096774194,"[1, 1, 12, 1, 1, 1, 2, 3, 1, 1, 3, 1, 1, 4, 3, 2, 1, 2, 4, 1, 1, 4, 2, 2, 1, 1, 7, 1, 1, 1, 1]","[4, 1, 3, 2, 1, 3, 1, 3, 3, 3, 1, 4, 2, 3, 2, 1, 1, 2, 4, 4, 3, 3, 2, 2, 3, 1, 3, 1, 3, 1, 2]"
0.30000000000000004,1.0,1.0,1.0,1.0,1.4193548387096775,5.161290322580645,2.2718473369882592,0.3548387096774194,0.6470588235294118,0.3548387096774194,"[1, 1, 12, 1, 1, 1, 2, 3, 1, 1, 3, 1, 1, 4, 3, 2, 1, 2, 4, 1, 1, 4, 2, 2, 1, 1, 7, 1, 1, 1, 1]","[4, 1, 3, 2, 1, 3, 1, 3, 3, 3, 1, 4, 2, 3, 2, 1, 1, 2, 4, 4, 3, 3, 2, 2, 3, 1, 3, 1, 3, 1, 2]"
0.3500000000000001,1.0,1.0,1.0,1.0,1.4516129032258065,5.193548387096774,2.278935801442589,0.3225806451612903,0.6617647058823529,0.3225806451612903,"[1, 1, 12, 1, 1, 1, 2, 3, 1, 1, 3, 1, 1, 4, 3, 2, 1, 2, 4, 1, 1, 4, 2, 2, 1, 1, 7, 1, 1, 1, 1]","[4, 2, 3, 2, 1, 3, 1, 3, 3, 3, 1, 4, 2, 3, 2, 1, 1, 2, 4, 4, 3, 3, 2, 2, 3, 1, 3, 1, 3, 1, 2]"
0.4,1.0,1.0,1.0,1.0,1.4516129032258065,5.193548387096774,2.278935801442589,0.3225806451612903,0.6617647058823529,0.3225806451612903,"[1, 1, 12, 1, 1, 1, 2, 3, 1, 1, 3, 1, 1, 4, 3, 2, 1, 2, 4, 1, 1, 4, 2, 2, 1, 1, 7, 1, 1, 1, 1]","[4, 2, 3, 2, 1, 3, 1, 3, 3, 3, 1, 4, 2, 3, 2, 1, 1, 2, 4, 4, 3, 3, 2, 2, 3, 1, 3, 1, 3, 1, 2]"
