thr,acc,prec,rec,f1,mae,rmse,pcc,wape,order_pass
0.1,1.0,1.0,1.0,1.0,5.258064516129032,6.29644036661371,0.03225806451612903,2.3970588235294117,0.03225806451612903
0.15000000000000002,1.0,1.0,1.0,1.0,5.258064516129032,6.29644036661371,0.03225806451612903,2.3970588235294117,0.03225806451612903
0.2,1.0,1.0,1.0,1.0,5.258064516129032,6.29644036661371,0.03225806451612903,2.3970588235294117,0.03225806451612903
0.25,1.0,1.0,1.0,1.0,5.258064516129032,6.29644036661371,0.03225806451612903,2.3970588235294117,0.03225806451612903
0.30000000000000004,1.0,1.0,1.0,1.0,5.258064516129032,6.29644036661371,0.03225806451612903,2.3970588235294117,0.03225806451612903
0.3500000000000001,1.0,1.0,1.0,1.0,5.258064516129032,6.29644036661371,0.03225806451612903,2.3970588235294117,0.03225806451612903
0.4,1.0,1.0,1.0,1.0,5.258064516129032,6.29644036661371,0.03225806451612903,2.3970588235294117,0.03225806451612903
